1,Activity 1,2021-10-14T01:07:35.3812533+00:00,false,odd
2,Activity 2,2021-10-14T02:07:35.3812555+00:00,true,even
3,Activity 3,2021-10-14T03:07:35.3812558+00:00,false,even
4,Activity 4,2021-10-14T04:07:35.381256+00:00,true,even
5,Activity 5,2021-10-14T05:07:35.3812563+00:00,false,odd
6,Activity 6,2021-10-14T06:07:35.3812568+00:00,true,even
7,Activity 7,2021-10-14T07:07:35.381257+00:00,false,even
8,Activity 8,2021-10-14T08:07:35.3812572+00:00,true,odd
9,Activity 9,2021-10-14T09:07:35.3812574+00:00,false,even
10,Activity 10,2021-10-14T10:07:35.381258+00:00,true,even
11,Activity 11,2021-10-14T11:07:35.3812582+00:00,false,odd
12,Activity 12,2021-10-14T12:07:35.3812585+00:00,true,even
13,Activity 13,2021-10-14T13:07:35.3812587+00:00,false,odd
14,Activity 14,2021-10-14T14:07:35.381259+00:00,true,odd
15,Activity 15,2021-10-14T15:07:35.3812593+00:00,false,even
16,Activity 16,2021-10-14T16:07:35.3812595+00:00,true,odd
17,Activity 17,2021-10-14T17:07:35.3812598+00:00,false,even
18,Activity 18,2021-10-14T18:07:35.3812601+00:00,true,even
19,Activity 19,2021-10-14T19:07:35.3812604+00:00,false,even
20,Activity 20,2021-10-14T20:07:35.3812606+00:00,true,odd
21,Activity 21,2021-10-14T21:07:35.3812609+00:00,false,even
22,Activity 22,2021-10-14T22:07:35.3812611+00:00,true,even
23,Activity 23,2021-10-14T23:07:35.3812614+00:00,false,odd
24,Activity 24,2021-10-15T00:07:35.3812616+00:00,true,even
25,Activity 25,2021-10-15T01:07:35.3812619+00:00,false,even
26,Activity 26,2021-10-15T02:07:35.3812621+00:00,true,odd
27,Activity 27,2021-10-15T03:07:35.3812642+00:00,false,even
28,Activity 28,2021-10-15T04:07:35.3812645+00:00,true,odd,even
29,Activity 29,2021-10-15T05:07:35.3812647+00:00,false,odd,even
30,Activity 30,2021-10-15T06:07:35.381265+00:00,true,even
31,Activity 31,2021-10-14T20:07:35.3812606+00:00,true,odd
32,Activity 32,2021-10-14T21:07:35.3812609+00:00,false,even
33,Activity 33,2021-10-14T22:07:35.3812611+00:00,true,even
34,Activity 34,2021-10-14T23:07:35.3812614+00:00,false,odd
35,Activity 35,2021-10-15T00:07:35.3812616+00:00,true,even
36,Activity 36,2021-10-15T01:07:35.3812619+00:00,false,even
37,Activity 37,2021-10-15T02:07:35.3812621+00:00,true,odd
38,Activity 38,2021-10-15T03:07:35.3812642+00:00,false,even
39,Activity 39,2021-10-15T04:07:35.3812645+00:00,true,odd,even
40,Activity 40,2021-10-15T05:07:35.3812647+00:00,false,odd,even
41,Activity 41,2021-10-15T06:07:35.381265+00:00,true,even
