1,Activity 1,2021-10-09T00:19:20.8445283+00:00,false
2,Activity 2,2021-10-09T01:19:20.8445315+00:00,true
3,Activity 3,2021-10-09T02:19:20.8445318+00:00,false
4,Activity 4,2021-10-09T03:19:20.844532+00:00,true
5,Activity 5,2021-10-09T04:19:20.8445322+00:00,false
6,Activity 6,2021-10-09T05:19:20.8445327+00:00,true
7,Activity 7,2021-10-09T06:19:20.844533+00:00,false
8,Activity 8,2021-10-09T07:19:20.8445332+00:00,true
9,Activity 9,2021-10-09T08:19:20.8445334+00:00,false
10,Activity 10,2021-10-09T09:19:20.8445339+00:00,true
11,Activity 11,2021-10-09T10:19:20.8445342+00:00,false
12,Activity 12,2021-10-09T11:19:20.8445344+00:00,true
13,Activity 13,2021-10-09T12:19:20.8445347+00:00,false
14,Activity 14,2021-10-09T13:19:20.8445349+00:00,true
15,Activity 15,2021-10-09T14:19:20.8445351+00:00,false
16,Activity 16,2021-10-09T15:19:20.8445354+00:00,true
17,Activity 17,2021-10-09T16:19:20.8445356+00:00,false
18,Activity 18,2021-10-09T17:19:20.844536+00:00,true
19,Activity 19,2021-10-09T18:19:20.8445362+00:00,false
20,Activity 20,2021-10-09T19:19:20.8445364+00:00,true
21,Activity 21,2021-10-09T20:19:20.8445367+00:00,false
22,Activity 22,2021-10-09T21:19:20.8445369+00:00,true
23,Activity 23,2021-10-09T22:19:20.8445372+00:00,false
24,Activity 24,2021-10-09T23:19:20.8445374+00:00,true
25,Activity 25,2021-10-10T00:19:20.8445376+00:00,false
26,Activity 26,2021-10-10T01:19:20.8445379+00:00,true
27,Activity 27,2021-10-10T02:19:20.8445381+00:00,false
28,Activity 28,2021-10-10T03:19:20.8445383+00:00,true
29,Activity 29,2021-10-10T04:19:20.8445386+00:00,false
30,Activity 30,2021-10-10T05:19:20.8445388+00:00,true
